id,nombre,apellido_paterno,apellido_materno,fecha_nacimiento,seguro_social
BF6463CB-7DCD-42B8-6ACC-87FCCF183AA3,Uma,Rivas,Hahn,1947-08-12T21:33:00-08:00,2781011507
EFCD5ED5-A9D2-3266-EED9-CE315E392274,Aaron,Gallegos,Avery,2003-06-23T23:15:39-07:00,9613536058
149173BC-317C-84DD-7EFA-505A875B2F6D,Yoko,Gregory,Dillard,1978-06-08T17:31:37-07:00,8008754588
9C995DCB-D192-DB45-2B2A-432AE162F031,Mufutau,Galloway,Riddle,1951-05-07T20:41:39-07:00,1661544173
EE98176A-14C6-A7B8-FF43-50A8DBF45296,Jelani,Lane,Burke,1923-05-12T12:07:33-08:00,3582527389
211C46D6-2EFF-B1C1-4B2E-7934C853CD00,Alec,Reed,Neal,1956-01-21T03:58:08-08:00,3733996695
7BB5A161-C168-0226-5A9B-9B8385C7C737,Gregory,Patel,Lyons,1964-03-17T18:02:31-08:00,5595024389
2693AEC8-74DB-4BB3-E785-EDC657BF8A70,Echo,Alvarado,Duffy,2003-09-09T11:36:23-07:00,5944008570
BFA1AEA2-2249-56C9-A838-EB59E456556F,Gareth,Cortez,Ellison,1995-10-20T05:35:09-07:00,4600386867
889F5841-FE5F-6F9C-B950-1E3A95EA4EB4,Thomas,Dickson,Guerrero,1901-06-10T20:41:23-08:00,7947374528
5EA0156E-12F1-E810-3FA2-2833AF0F6E39,Ulric,Aguirre,Holloway,1950-12-04T04:40:33-08:00,6721496159
DA927B70-8F10-69A4-11E5-A5AD67980B87,Jacob,Owen,Mcdaniel,1926-09-12T16:00:41-08:00,7069113192
C72EE995-FC48-68F3-E060-225871D767D0,Kirsten,Michael,Cortez,1986-08-06T20:02:55-07:00,5746126253
FB19048F-7295-37C4-9A87-0CA724FD2396,Medge,Savage,Miranda,1974-02-07T12:35:55-07:00,4095394992
D4704891-04C7-688E-B8E9-B3D8EBAA98D9,Blair,Kennedy,Bonner,1909-05-08T02:23:41-08:00,1852077315
1359641A-565D-DD2A-9728-E00B1BBCF3D2,Ginger,Rivera,Mueller,1988-09-18T06:58:23-07:00,2575754465
D775C84B-AD92-0ED0-5327-9998D5B458DF,Martina,Davis,Bradford,1937-10-03T11:53:33-08:00,6644846995
C1CF9004-DD7C-351E-610B-045EEC9BD666,Nita,Watkins,Tate,1943-05-25T17:53:50-07:00,8308264575
9C814BB0-B9B5-F322-18E3-B31FBA754D19,Gary,Andrews,Keith,1928-10-11T20:33:08-08:00,2553629771
A6B2D2ED-E776-0347-0252-87036BD57CC7,Zachary,Barnett,Anderson,1932-02-14T07:12:46-08:00,5510372018
345A7551-106D-90EB-DDC3-A5CB9563222F,Fredericka,Harvey,Carson,1940-03-21T20:21:47-08:00,9497039545
15D31FA2-37FF-9695-3810-A9478CEC06F1,Wylie,Levy,Phillips,1907-03-15T11:58:39-08:00,4118803093
EF88EAC5-E4B8-CA1B-487F-A0AA7D880ED5,Deanna,Keller,Hardin,1983-12-26T04:40:20-08:00,8893939426
FB57E904-139A-0C5F-38F4-C72E2E56F2A5,Martina,Dejesus,Delgado,2001-01-22T21:48:19-08:00,8666552971
5A1AB6B5-310B-10FE-9764-86C1433075EE,Gloria,James,Kramer,1982-02-20T17:17:32-08:00,8284358464
5B940669-3529-3CA0-FE48-524B80CE80C1,Germaine,Dunn,Stewart,2010-04-02T12:15:38-07:00,1494932476
15C34943-6130-6346-BBA4-816231C2EEF9,Lawrence,Nicholson,Jensen,1957-06-09T10:34:44-07:00,9602830873
A5E3B982-4570-0F92-D14D-B4C75F7089E5,Virginia,Barrett,Barton,1950-08-29T12:41:49-07:00,3995631693
C801855C-3FDD-B049-61D7-18F1EE096446,Tamekah,Sanders,Dean,1962-05-27T20:54:07-07:00,1762676031
A99281BF-D48B-3889-18D1-CBF80CA1FCA0,Brielle,Sparks,Craft,1993-09-27T01:49:51-07:00,7272609285
5524AE8A-1649-140E-2B57-22DEBC2BA463,Lawrence,Doyle,Short,1939-05-21T14:07:58-08:00,8517708554
1E9A9C30-3318-7666-7F7C-035B9C83BEEB,Odysseus,Monroe,Gaines,1934-05-31T22:13:31-08:00,8990649974
F7C950AE-FBB8-EE32-E5C6-7B9704CE21F7,Maryam,Santiago,Short,1917-01-23T01:21:25-08:00,4856012749
2CB22B8C-4DBE-2CD9-7892-B686D94B8F88,Paul,Watson,Hanson,1952-12-26T17:25:15-08:00,4603298774
9E3148CE-FE1E-E36B-B76A-988948FFECE9,Cole,Brock,Stein,2010-01-12T05:26:33-08:00,9681155317
85C353B0-F9B9-A526-36BA-62F7CBD2B787,Harlan,Whitley,Barry,1913-06-19T15:07:52-08:00,5006408236
0765C0D7-69F9-5A7A-9841-990AC5325F0B,Athena,Hickman,Payne,1991-08-08T13:29:40-07:00,4309536119
A2FE6C56-339B-0CA2-3B69-7C24F9BFE18D,Glenna,Orr,Clayton,1973-09-19T00:21:37-07:00,2789017735
D78868F4-321E-37FC-56F6-F4050BB118FA,Felicia,Velazquez,Adams,2000-08-02T09:31:30-07:00,9711476212
68CB2B2B-B27D-B6AE-4581-0FD89D0D6B98,Herrod,Bullock,Sawyer,1968-09-23T11:58:09-07:00,4820903196
1C63F620-9497-E884-D8F6-62D9AE4DE3F9,Jacqueline,Hubbard,Saunders,1921-12-14T10:47:11-08:00,2673037523
FCA39C65-2831-3F11-D2BB-CEBD3C05361A,Alice,Guy,Cooke,1934-12-10T15:30:56-08:00,6755151309
9D753816-0C2C-9A33-725F-94FCD8513D3A,Brynn,Obrien,Nichols,1928-03-10T13:40:04-08:00,7355934298
EBA7DB7B-95A9-457F-DF9D-F938DF528B06,Chandler,Brock,Wolfe,2000-05-08T22:33:23-07:00,8604245268
5887736F-7067-C15A-6C7E-F23225464A69,Edward,Hutchinson,Mckenzie,1943-06-07T20:25:52-07:00,9805511356
8B19C053-4075-30E9-FA7F-D29929B04358,Wanda,Brown,Stevens,1904-01-21T21:38:33-08:00,1635266840
A967DADE-7C08-530B-11BF-E5AB4A44818B,Patience,Saunders,Anthony,1982-01-06T02:08:16-08:00,7235550896
872BD04C-BC9F-10D8-A07A-BA7427453C5D,Grant,Mccarty,Edwards,1959-06-13T15:22:45-07:00,3485778897
50CA1D8B-ECDA-4A41-587B-3BA784023C2B,Gray,Dickerson,Patrick,1937-02-01T07:01:51-08:00,6220097388
EA5E83FA-045D-29A7-1E71-A6B5CC4F819C,Len,Mendoza,Hyde,1945-05-02T01:22:48-07:00,3809466995
38040A2A-64A1-560B-821F-BA08168E3D79,Nathaniel,Tucker,Watkins,1990-10-30T07:26:23-08:00,6525384642
22139FA4-5913-FD4E-07B1-A2751601DF35,Steven,Dominguez,Hancock,1938-03-26T02:20:04-08:00,6675653962
CFA7AEAA-022D-D5AC-A21C-2E2341B4674B,Idola,Morse,Olsen,1956-11-24T15:23:34-08:00,4359041232
FDA5A1A0-3A44-D904-EE76-85D1A5C40988,Stella,Fletcher,Figueroa,1937-05-06T09:29:50-08:00,9044777891
186A314B-2336-238E-91B1-40204A5609EE,Hilel,Higgins,Pennington,1913-10-17T12:40:34-08:00,9124650032
8DBF01B4-2E3B-7821-63C3-626A66712865,Ishmael,Simpson,Newman,1928-06-25T17:47:13-08:00,5372568629
3EA2DB83-F7EC-6D4F-0557-9EEA71473CD2,Dawn,Cortez,Decker,1995-08-28T14:51:57-07:00,2733102519
B874E2E1-B021-F351-9295-A644A33612B6,Brandon,Mcconnell,Stephens,1995-04-07T18:39:50-07:00,3347367242
F5E26AF6-EBC6-99A1-4376-F772230ECB1E,Sigourney,Chen,Houston,1943-12-03T08:35:44-07:00,8268734626
3071CB3C-28E7-E360-862F-42B5B7FB988C,Yasir,Spence,Kent,1991-06-24T14:15:05-07:00,4879413925
05276A97-82D5-9DF6-37E3-2565CDD5A236,Nehru,Wagner,Cantu,1914-09-08T01:50:34-08:00,8712456553
30FC7445-A9DE-74F4-B458-9A18FEB8C2DB,Lynn,Molina,Harris,1980-01-27T23:10:27-08:00,1494243691
7EE2ED74-DED7-2212-C8CA-904B07514C41,Denton,Mays,Nixon,1903-01-01T05:49:24-08:00,3958922976
B99A71E9-CFC1-031A-BAC3-494613BB6649,Tate,Hines,Washington,1967-03-11T16:41:19-08:00,3110562666
8708EAF2-8939-5575-454F-1F36D295CFF2,Jenna,Martinez,Turner,1937-12-24T06:52:10-08:00,9395685518
19A0BF47-D34B-3926-D998-87E775E48EC2,Anika,Nunez,Massey,2000-04-23T09:03:49-07:00,2334777162
312E885D-AC8E-FA51-5487-3630367341AA,Paloma,Haney,Jones,1958-04-26T04:21:53-08:00,9724158884
2D0BD764-9806-B9CF-6FE3-78CAEF79FACB,Vielka,Wells,Booth,1929-03-24T22:50:32-08:00,5992553031
382B0319-D9B5-0A70-BA7A-003C836BCA54,Bradley,Simon,Moreno,1924-07-13T20:35:56-08:00,8911407155
7C38318E-A592-E88A-7128-A9209E00D104,Lance,Knowles,Frederick,1961-09-27T20:32:49-08:00,7388456405
4899E51E-6699-61AD-60D9-448442E47193,Lila,Dickson,Cervantes,1910-08-22T09:43:00-08:00,2988714368
ECF31A64-69B5-115A-F0A0-868210549BCA,Shaine,Gates,Wooten,1947-12-10T06:49:52-08:00,4413763603
D4DE7B88-B032-3933-8F1D-5461A1B86C5E,Hillary,Holder,Fernandez,1922-10-03T19:11:39-08:00,8958702654
B7368B08-A028-AA3D-842D-60F66976E4D2,Kessie,Hamilton,Landry,1929-07-03T15:31:49-08:00,3925738293
5D655748-DA93-F623-F9DB-12B6F4C54F65,Leroy,Bryant,Wilkinson,1923-02-08T09:53:10-08:00,5786387514
C3901F32-4E5B-7204-812D-A34DA01F9488,Iliana,Ramirez,Wade,1919-03-22T01:23:52-08:00,3285046203
8B6AF77A-E4AA-FD87-C22C-47624A29C1A7,Valentine,Shields,Manning,1958-05-21T02:49:24-07:00,5602740463
51CA952D-32A9-F711-F818-AAADF09C7079,Odette,Mosley,Jacobson,1982-06-07T14:34:45-07:00,2921023857
F7578012-BAAC-8146-A37C-26928E047FC6,Francis,Parsons,Patton,1946-06-13T13:43:21-08:00,2277289057
C66E784C-2EA1-CC5A-2C20-AF8B5F332BBD,Michelle,Caldwell,Cortez,1989-03-25T00:02:23-08:00,1243292051
F494D6E2-4092-09E0-803F-BDCDDBE21981,Kadeem,Parsons,Terrell,1943-11-22T15:06:54-07:00,7711170104
8F6615CD-65EB-2FCC-902E-41D7C53D8D1B,Tallulah,Wheeler,Bender,1938-11-04T06:43:45-08:00,5437507318
23F02849-5241-7177-AF1F-A201409482FD,Cole,Lambert,England,1938-07-10T04:19:39-08:00,3181135550
C77883E2-FA31-6760-466B-0EEC4B3548A4,Lev,Holman,Branch,1953-02-14T15:20:32-08:00,1113309876
D16236D5-CC10-A528-1FAD-8AFCCAC44B07,Cassandra,Bryant,Kramer,1997-06-16T10:21:05-07:00,6057363193
9B5F62FC-7929-48CD-725F-8C70C1B09774,Jin,Sherman,Powell,1952-09-30T09:07:59-08:00,9935884748
96F70DCF-C087-5300-DF62-DE42125C0035,Brenda,Hunt,Wooten,1941-02-10T19:34:07-08:00,5502035953
64DF6AEE-A252-C7AC-1D7D-5DDC9F3AE9E0,Sylvia,Pugh,Barrett,1995-11-28T10:57:31-08:00,9143545201
321A855F-1ABC-402D-40C8-66D8FBABF173,Kaye,Ortiz,Gibbs,1987-09-02T22:38:00-07:00,9299759322
48473078-C4F7-406B-8D03-50D49C41838D,Irene,Koch,Frazier,1961-08-11T07:43:08-07:00,2860602227
6E358579-34F8-7E8C-B72F-DE681F935AA5,Xandra,Cotton,Delacruz,1904-04-09T20:47:33-08:00,2482843705
0A93A608-3228-CCFB-096A-633EDF0B5A71,Amir,Barnett,Estes,1998-03-20T13:21:13-08:00,5973681604
C5562969-22B1-125B-5693-08E771C2546B,Scott,Gardner,Jones,1913-08-01T15:41:01-08:00,6856342707
F79171DD-C5B4-8D71-8B2D-01D6A9B8537C,Bell,Cobb,Page,1916-02-26T10:51:11-08:00,8298659601
F3D7A33F-67DC-70C3-53C6-F0A829F55B1A,Yolanda,Michael,Rasmussen,1993-08-21T21:31:39-07:00,6935932127
389A2767-B8EF-312E-AA24-DEA5BC238E15,Bruce,Levine,Wooten,1969-03-23T02:06:52-08:00,1151209527
267CDFBD-E5B8-335D-3E48-CE5E7397E63D,Logan,Swanson,England,1965-03-27T23:18:34-08:00,5943249153
C3A176B6-11F5-31F9-3310-6C684488372A,Steel,Carlson,Ayers,1999-10-05T14:00:09-07:00,1370827485
CB7B6026-0C09-DBFC-5859-3FABB6714A71,Maggie,Walter,Horne,1983-09-19T10:54:32-07:00,8003795010
F782FE24-AB62-66B1-85F2-1DDE6913F085,Bell,Norman,Gould,1929-02-04T13:31:49-08:00,1810073037
9D5888F3-D203-7C6B-B72C-2E454A8A7B0B,Xantha,Fernandez,Levy,1994-11-20T08:59:08-08:00,2722296499
D944CEE4-A217-6E11-9EF9-ADF10AFB5873,Ramona,Rojas,Kidd,2005-10-29T06:14:20-07:00,2888720552
F10EC70F-FEAD-DADD-0C62-2FA59AC4F752,Gabriel,Neal,Guzman,1948-08-04T21:59:14-07:00,8319321067
3BD3381B-1803-CC57-1A9C-0E04F6F84F4E,Stewart,Neal,Gill,1929-10-30T02:12:52-08:00,7968480727
2379ECDA-0D64-BC4D-76EA-7F973F19E06B,Nero,Witt,Hays,1983-09-09T22:06:51-07:00,1482147317
36466776-2625-BF24-AE55-94C5D3B0FD1B,Cullen,Morris,Rhodes,2006-10-01T04:50:12-07:00,2612404297
C24B0030-0B27-1225-7B59-1A07C0ACDFBA,Melodie,Hudson,Miller,1944-10-27T04:52:39-07:00,6549619407
E2AEFC72-6DD2-FE18-7F27-5DFB9EF7B7F5,Jonah,Wolf,Emerson,2002-06-13T01:37:52-07:00,2110701940
ACB6A22E-6CCC-500C-50B8-0C4DA76B0D92,Paula,Diaz,Cash,1971-07-15T05:11:23-07:00,5338124231
B3934EB9-5421-772F-081B-1C9B2D1CC49E,Charissa,Dennis,Holcomb,1976-02-13T08:59:43-08:00,1366045135
3F6BCDA8-94D7-FD33-8E0E-BF140808332D,Robert,Boyer,Hendrix,1927-04-10T13:19:33-08:00,9574748650
2928FCB1-8231-06D9-F2BD-48374B989F95,Halee,Guerrero,Henson,1959-01-27T15:15:44-08:00,3060508738
2C3B02EB-1B4A-6E47-1B39-87C523987B9A,Alice,Mcmahon,Lara,1978-04-02T03:04:38-08:00,1368787031
6375CBBD-0527-5712-7B17-76F10B13308B,Cody,Kelley,Martin,1997-05-10T19:01:49-07:00,2923974282
553FB260-F4A2-1879-C7D6-6E195675DFA9,Isabella,Armstrong,Yang,1975-09-30T23:21:47-07:00,6633100348
AD5B6FC9-5FE2-3CDF-E56F-538E15335EA9,Ira,Mann,Lane,1911-06-29T19:09:26-08:00,5052718991
D0AC9A6D-484C-5410-7B52-2A4DFD3EEAE4,Guy,Bradley,Finch,1932-10-19T17:46:47-08:00,9852671420
170A59F2-F605-D909-73AE-A0E7238412F6,Shafira,Sweeney,Lane,1980-05-14T21:22:08-07:00,5695136777
FDCAC15A-8EDA-FA8A-CCE9-DEBE5C446B8C,Ryan,Richmond,Espinoza,1971-05-25T22:15:25-07:00,3810365754
B6FB4BD7-962B-81E1-8F76-1441DD27B642,Clark,Frye,Snyder,1935-10-19T19:43:57-08:00,2091784655
42A6E915-53D9-A6C4-77D2-A0BEC74F3034,Cheryl,Francis,Baker,1930-05-21T05:08:55-08:00,7311423772
A1259952-B95B-AE6F-6152-07E6176C2E1D,Michael,Castillo,Frazier,1926-11-17T21:15:00-08:00,7549430665
2FB19B51-3BCA-2318-D483-E0AFE0E80C67,Kevyn,Hendrix,Cochran,1908-09-07T23:43:49-08:00,6396388101
78D8316F-B88B-A7B6-57FB-712C7835E2D6,Sade,Conner,Lott,1956-06-01T09:10:55-07:00,8081473559
DFC4D174-8FB3-2E05-34EB-92D2C9B389AA,Drew,Jimenez,Levy,2009-08-26T05:51:47-07:00,3830126838
0F8282B8-8FEF-D0DC-F09B-20D14E364BBB,Wesley,Tillman,Terry,1976-04-29T19:04:33-07:00,9628323494
42D5DCDD-2334-0E18-2EFD-41326BE1A880,Maxwell,Guerrero,Henson,1958-10-14T20:37:17-08:00,5520105763
9CF4ED5D-BA43-6F65-E808-35947EA72A48,Alexandra,Carson,Glenn,1914-07-24T03:22:08-08:00,3249490347
468985F5-94DB-DE37-FD78-AE44C3C1E224,Raya,Bond,Chang,1994-07-22T15:52:35-07:00,6359258745
B7D4C9E6-88B8-7D59-A224-A7AF857F0B3A,Noel,Cortez,Fox,1955-05-08T03:53:36-07:00,2025995883
A4D5EA8C-D68D-9BDC-B6B9-05C811AED34D,Yolanda,Black,Byers,1905-08-02T09:33:23-08:00,7550846776
F5CCEA71-0F74-9B7E-92ED-B5573181831B,Tyrone,Woods,Mann,1941-10-16T00:31:24-08:00,2467608464
8FAB9424-1AB4-FC4C-C747-CD9E527423FF,Marvin,Hoffman,Case,1980-04-27T01:55:14-08:00,9469256281
D90DA71C-DE9D-1378-76DF-96CBDED5B8D9,Candice,Walsh,Horton,1977-05-29T11:41:31-07:00,4990148366
979D6D4E-8399-1ECB-FE07-9BFC0EA0A0AB,Sacha,Mendoza,Gallegos,1934-03-04T11:35:51-08:00,4762582969
37F8EDCF-467C-0FEC-7898-0C0B91F415EB,Amal,Davenport,Norton,1971-01-31T04:48:22-08:00,3405037687
C4D6053A-9C4F-1229-59BF-39B932DA4A7E,Stacey,Barrera,Mccormick,2002-10-22T11:30:09-07:00,6875827030
196E1E33-7DE2-9651-B21B-F61462999087,Gabriel,Stewart,Hendrix,1982-07-09T01:15:31-07:00,3920777671
5B8913B6-2EBB-C56E-5C00-302723594F97,Hayfa,Delaney,Norman,1921-02-24T11:29:34-08:00,3499491061
8C116151-394E-6C56-B91B-DB17DA557623,Aline,Holloway,Tyson,1937-01-26T09:32:08-08:00,5617985994
43E1E745-4695-5090-472C-4D828744708A,Elaine,Becker,Baldwin,1967-03-03T04:35:34-08:00,1319298239
3917CC16-E16B-9A04-48E6-1F09156A0BF8,Holmes,Hobbs,Parrish,1962-07-21T20:55:10-07:00,9393506621
38E526A3-8F70-9246-647A-6EB557B08655,Hiroko,Salinas,Tran,1913-01-06T13:29:20-08:00,3691367043
FFB26EFB-4C77-425C-0893-A210C5DA92BA,Quyn,Glenn,Gillespie,2008-03-21T02:53:01-07:00,8115516540
067290A4-8E6A-C109-084F-129B154B2839,Dante,Burgess,Alvarez,1936-12-12T17:40:15-08:00,2558726188
F76D9639-72A3-B4A2-8633-CF0F120C2BA4,Alea,White,Caldwell,1908-09-03T20:16:23-08:00,1369904486
ED9558D6-E909-0942-C905-92B7C63CADFE,Ali,Delacruz,Morris,1917-04-06T16:43:23-08:00,7817839052
03AFF309-CE40-DEC5-6085-424F91FA9B17,Cynthia,Hodge,Barrett,1931-01-23T16:45:11-08:00,6283698181
8EF48B56-1E55-ED96-7263-29DCDA2032C7,Gareth,Craig,Richardson,1961-01-13T08:17:14-08:00,6655556745
69EED624-2237-C276-9FDF-C610367ABE1F,Rhea,Olson,Cameron,2007-07-13T00:58:03-07:00,5340564031
F09B39FB-6A6E-8A6C-1257-D7C28A7BB8EC,Shoshana,Nichols,Jimenez,1938-06-25T08:02:26-08:00,6290886704
405AA12D-39C8-692F-3DE3-2F00733480C0,Amber,Houston,Shelton,1967-08-05T22:37:50-07:00,7617358623
9A40F18E-E0D5-3A82-128A-1ACEAACADEEC,Rudyard,Dodson,Ford,1921-03-02T17:27:36-08:00,1454177300
AF96C2DD-51EA-6B8A-21D7-57D464BC6DA4,Irma,Cantrell,Burnett,1970-01-23T05:28:06-08:00,7800765563
BFA73453-21D3-39B6-F15F-961892765585,Anastasia,Little,Roman,1923-01-01T22:55:48-08:00,6334449756
BD41A2DF-C44A-CFEC-848C-3E5BF69049B1,Nevada,Knowles,Graham,1947-10-16T01:20:22-08:00,8939068901
3D585852-98DB-1F21-563D-7F701CFB33A6,Martin,Horne,Campos,1926-05-05T21:10:42-08:00,8086933356
5D9D22B3-6B3A-96E7-1D47-B2BE8EB96879,Janna,Boone,Spencer,1989-10-21T10:40:42-07:00,4959048252
2C2C5472-ED4F-2479-C536-D5EF43968719,Yolanda,Mcdaniel,Rivers,1937-03-10T04:29:49-08:00,8383517285
443D6959-DFF4-17FE-6839-1959C993AAD5,Rina,Travis,Howe,1937-12-22T19:59:51-08:00,4702340803
662B8206-3D96-0DC9-9E65-3133C54AE8FB,Kelsie,Bowers,Stevenson,1920-11-17T10:00:12-08:00,8316996573
06D6A474-71FB-9F6F-4986-F52D3DFE50F6,Kirk,Maldonado,Baird,1917-04-20T06:03:23-08:00,6911446373
983BDCFF-41AB-7B60-5745-C349308D1B72,Odysseus,Kramer,Price,1913-04-26T12:15:14-08:00,7250283977
4180E7C2-B344-75F8-ADFA-B8ABCBBAA089,Shafira,Mills,Wise,1933-06-24T10:17:36-08:00,3531956312
C8DF98DA-CBB7-A964-049C-F57650F5315F,Judah,Goff,Rhodes,1937-03-05T14:48:20-08:00,4359483006
72A30A2A-26FE-4747-B2BE-65D0962715A6,Lana,Hurst,Vance,2004-01-21T04:04:59-08:00,2224599681
D0260EBA-8854-EE7A-77E0-BBE097C55F33,Callum,Tran,Odom,1965-05-24T19:19:46-07:00,2367667592
B4B1050A-8D6E-6810-89E6-4EC04354CCE8,Aline,Munoz,Ochoa,1920-06-29T04:59:53-08:00,1253136205
608410F7-C792-852D-518C-8D1F68929154,Kamal,Kirby,Beach,1990-07-04T20:57:00-07:00,9325103283
86B97450-6456-043A-81E5-027C86DD197C,Deirdre,Cote,Wong,1934-07-19T20:09:11-08:00,9830266986
F1B9BD4C-DB5A-7D50-206B-576D458F868C,Leandra,Stevenson,Key,1902-12-29T23:59:34-08:00,8908557146
C8C1C1D6-C8BE-3855-AEA2-A88305E7BE60,Caleb,Hudson,Snider,1915-08-10T00:03:02-08:00,8723146658
31649D4B-D7D8-9ABD-E6ED-6DAFC8CA79F7,Cailin,Valentine,Bridges,1950-05-25T22:15:29-07:00,9972645917
AB92FC63-BE13-0302-6BEB-CADB87359C01,Tashya,Rich,Norton,1973-09-06T14:34:50-07:00,7572208200
E8ACD16C-7E3E-02A4-1435-C43F5617E7E5,Vivien,Swanson,Moon,1935-09-27T11:54:29-08:00,5367071852
C3A2A2ED-0FA6-7352-C8C5-355AE1EB028F,Ashton,Dean,Long,1947-12-04T01:43:49-08:00,8459766320
9EE71917-B4E5-C57D-F5B1-015AAABB62CF,Kylee,Horton,Hess,1994-02-18T21:54:45-08:00,2183180968
648F2D3B-7F09-91CD-1905-0D0525A01E34,Sonia,Ray,Sandoval,1956-12-01T14:50:10-08:00,7405345038
E16D1DD3-70D4-CB3D-71F5-32F6C373B88F,Slade,Osborn,Burgess,1965-07-28T15:30:28-07:00,1315499092
D4CB5B64-1EC3-02D8-E6CC-B4BA65CAFEDD,Pamela,Bean,Contreras,1939-10-16T19:09:41-08:00,8257934807
8641D971-120C-8AF2-4038-DEAA9661CF1F,Thane,Stout,Cantu,2002-05-31T20:09:04-07:00,6296310106
FAAA08C9-9C41-4531-FA94-ED62576C09E8,Sheila,Blankenship,Cannon,2005-08-11T16:39:03-07:00,1540550440
66307250-DB12-E539-5640-0E2693213353,Jarrod,Barrett,Merrill,1939-08-01T06:08:08-08:00,4060849803
8557220D-1767-DD1E-6C3E-DD9CB1E8C6C0,Aimee,Acosta,Mann,1931-11-22T04:24:32-08:00,8815014668
C2F498DB-FCEE-1567-0C88-11C59C946ED5,Brenden,Rivera,Spence,1919-05-24T12:56:19-07:00,5206329309
94CEFDCD-0D44-6BEC-7BB8-1E66B8284306,Iona,Bowman,Kirk,1998-02-15T13:03:29-08:00,9679735828
167C914A-D389-1723-1FF0-EBED0CF0514F,Kimberly,Tyson,Mejia,2005-01-01T13:48:29-08:00,6228162310
2E1389FC-EE77-ECF1-C6A8-34219E6CAE6B,Jessamine,Fuentes,Dorsey,1909-03-23T06:25:12-08:00,3732468638
62D86F1B-6E4C-96D3-7CA1-CC815C2EA751,MacKenzie,Perkins,Howe,1946-01-08T17:26:05-08:00,1175611842
BE1D9124-94F9-3E52-B090-CE80245A3813,Aretha,Whitley,Schroeder,2010-06-20T22:57:31-07:00,4882734873
8DEB4A2C-42F6-BF55-31F0-28DB7C15D362,Nasim,Christian,Velazquez,1957-03-27T03:53:12-08:00,5223867624
0D2C6B6E-F2C8-7BA8-C292-189AC95C6870,Francesca,Bass,Castaneda,1941-08-10T22:02:00-08:00,9131370935
144A0896-B994-9793-47AD-6F0085AE06ED,Ezra,Robinson,Combs,1933-02-20T07:09:36-08:00,9447920061
154668A0-060A-DDB6-B507-D058D5FB636E,Pearl,Woodard,Dale,2001-10-30T22:29:40-08:00,8538524491
B37F3E0D-7376-1A55-21ED-B5C4B858449E,Camilla,Dotson,Slater,1906-04-14T16:25:12-08:00,3002280878
41E4101F-5930-E3B9-224C-A02D7937E57D,Brian,Richardson,Garner,1921-03-25T11:53:45-08:00,5524385571
92FDB85C-FF6A-49CF-BCFC-56B978B3692E,Adria,Everett,Burton,1913-07-02T04:05:36-08:00,5217274497
6C4B48DA-F384-7793-AFC5-CA1071564E6D,Magee,Buckley,Cox,2006-09-29T05:20:28-07:00,7272135453
1D4BDA44-8CC4-283A-88D3-AF03655043C1,Dawn,Thornton,King,1962-09-03T16:37:09-07:00,8922132609
DCC92F4C-2B53-BD0B-FD4F-4192B814FE70,Genevieve,Cox,Malone,1949-12-25T03:58:38-08:00,3900959139
C768CE96-6DF5-F07E-59A5-11E216BBEFBB,Bruce,Ware,Dudley,1909-01-09T03:29:44-08:00,2623728786
72A8B8F2-723E-44AB-1F94-CDC1D3DA2BBA,Myles,Salinas,Kirk,1971-02-07T03:38:29-08:00,6343185814
99DEA188-1FEA-4A0C-5725-B0923E526DD2,Sade,Snow,Schultz,1982-10-19T02:45:19-07:00,4816050926
5D4078B9-223A-9B87-569C-AE08C6AFE06A,Beatrice,Strong,Holder,1910-02-14T19:49:55-08:00,4637779220
F31A3825-455D-2DAE-FB19-B33E274393AC,Chiquita,Simmons,Mccullough,1908-09-05T09:15:39-08:00,9243005580
83DCD603-8134-ACCD-AB08-341B4E53EE0D,Tatum,Cain,Lester,1993-11-30T11:49:22-08:00,7165983985
42D5783A-7578-8B28-10E8-4846ACF0B378,Britanney,Nielsen,Sellers,1940-06-25T19:35:07-08:00,7225006024
D4B75A57-DD25-6481-8B3D-6573C45B056C,Tiger,Vincent,Schwartz,1935-08-04T07:38:31-08:00,8769520980
EF6C179C-48CE-3944-87A5-1C0C5F6A9458,Stewart,Faulkner,Fisher,1935-05-02T00:29:54-08:00,9589578894
4BB34639-286D-6387-AAD1-B215731D6593,James,Simon,Haley,1968-10-02T22:56:21-07:00,9611806232
AB076679-0E36-9BE2-5E57-4F4F8244CFE6,Bevis,Carroll,Long,1927-04-08T09:05:15-08:00,2578890228
ADF387A6-EAEE-2400-70F8-63C0D50C2F8F,Hadley,Merrill,Le,1905-04-14T04:59:13-08:00,8336677803
48AD56D6-3FCC-779D-32A1-9D4BDF0B33B1,Colette,Freeman,Hayes,1957-01-24T18:15:28-08:00,4209856949
FE94A88B-18A3-2FB1-C305-BBFB914CB1D5,Kibo,Robinson,Hooper,1943-09-16T15:33:59-07:00,6877335098
793FD643-F9D4-23B0-61A9-3C86EB5D7E31,Kato,Cleveland,Gibbs,1984-07-07T01:58:34-07:00,8839930006
2338082F-A8F7-EB15-BBD8-F7885155FC27,Joel,James,Richard,1990-11-20T03:15:01-08:00,1914184337
49D0B645-7F31-26C3-AD51-61B65752A322,Mason,Mcneil,Garza,1943-02-18T01:51:47-07:00,7415265738
636B6EC4-19FA-FEB0-F5A9-C7C591EBB403,Kirby,Bird,Gordon,1951-11-24T05:28:10-08:00,8918398179
865207DC-20C5-AC1E-BF74-70C8344C3FE7,Zoe,Sparks,Ingram,1916-12-10T16:52:35-08:00,4057993069
9AEAA3BD-A3CF-6FFF-A918-75C8428FBAED,Lenore,Hayden,Fowler,1908-03-20T05:33:58-08:00,9480512419
27B0934B-8AA5-41F4-6C62-6D286AA57488,Carla,Morse,Downs,1918-03-21T01:42:32-08:00,3391213615
CF4160DA-57B9-B736-83B5-4706A06E9534,Audrey,Bryan,Mckay,1970-11-04T01:04:09-08:00,4259387316
78AF536B-2451-0D5F-33AA-83AADE0E588B,Wang,Hood,Love,1923-07-29T09:12:05-08:00,2866578139
8B17E496-83B5-C9D3-0A13-50B8A45A64EF,Phyllis,Leon,Ayala,1930-06-27T13:06:47-08:00,6214279619
6E3D7522-2D8C-942F-A2C8-2CD36E7CD763,Ingrid,Weber,Sanchez,1984-03-02T23:56:34-08:00,5840536070
E42B0B38-AE53-4D7A-C155-0525A1B1F20D,Phyllis,Pate,Hammond,1924-04-23T14:03:42-08:00,6394357652
13A9E04D-AD05-F4A9-A8D9-12156E022726,Troy,Rose,Shannon,1988-02-14T06:26:08-08:00,6625006447
281BE01F-D32C-B689-3805-D8544721DFEA,Dennis,Kirk,Thornton,1950-09-05T22:51:11-07:00,8169340818
92D4628D-F44B-EEE4-5A90-CF3721DC2859,Risa,Glass,Harrell,1917-11-17T09:07:30-08:00,4772551564
F6C56ADE-8C93-A2E1-7F06-D95016BA4240,Isaiah,Ochoa,Joyce,1909-11-01T20:59:33-08:00,6337068751
586C1050-34CF-7E1F-9C57-C6C3F41EAB06,Lacota,Carver,Holland,1936-08-24T08:22:45-08:00,9977963645
DB3DD3CF-FDE1-3684-7568-85599CF66784,Sade,Burton,Atkinson,1945-01-12T01:55:24-07:00,3789035383
23315649-AE4F-89E8-3623-BEB7921BAF0C,Chiquita,Cobb,Bowers,1963-04-18T11:27:51-08:00,4628046767
F6543267-EDA1-E4E1-6F5C-89FDA6C24A09,Calvin,Bentley,Wallace,2005-04-23T14:39:42-07:00,7767852416
DE250B8D-AFAB-2B47-F57B-DC9AC9A45522,Margaret,Tanner,Boyer,1974-03-29T10:54:19-07:00,5051953759
180AFD1B-DDC0-13E0-BF12-E8C64784125F,Melanie,Chandler,Hendricks,2007-12-27T21:55:25-08:00,5860503191
7E59B686-9811-70A0-156C-FDAF85FD5B47,Hasad,Dominguez,Ray,1952-08-22T04:56:05-07:00,6518707569
DB14CC11-26A1-2E7E-FAB2-E10324CED3BB,Adria,Blair,Rocha,1913-01-22T13:22:30-08:00,7623032621
0D963F85-2483-DAC7-2BA0-1785DF3B7DF1,Tad,Spencer,Heath,1932-12-14T21:00:12-08:00,9780067089
FE1B1776-8F1A-D2A2-262F-A717D8367F9F,Mechelle,Riggs,Reynolds,1954-12-28T07:14:24-08:00,4456816841
2BDCCD10-F617-B92A-5A13-75160612ADEB,Vivian,King,Cherry,1906-07-27T19:51:50-08:00,4189237053
65BEB4C5-0AED-8EAF-03D0-C863D68978BB,Lev,Martin,Parks,1965-11-02T21:03:59-08:00,9657490092
1FF069DB-5DED-38E8-D18C-2DC59E605C9E,Lev,Bradshaw,Lynn,1996-08-25T15:29:01-07:00,6286690135
1F97D5F9-F680-73AB-26D4-852A2526F6C3,Zorita,Kinney,Stein,1975-02-01T02:13:34-08:00,7394187276
DE2DEDF5-D09B-5274-90EE-7FB90D375A5B,Tashya,Munoz,Bond,1988-02-08T05:48:16-08:00,8886766309
CA98E190-1AAE-1F78-69F2-4A3347A22CD0,Yuri,Hayes,Cooper,1958-08-23T02:40:26-07:00,8657752875
BF7A5B6D-0D6E-B85F-4501-646A80550C0E,Deirdre,Harris,Golden,1968-12-01T17:27:26-08:00,5747554422
A2949006-2E26-529E-F631-CDD059BCAE1A,Rose,York,Mason,1924-10-22T04:11:15-08:00,9599056078
BFA87D00-80F8-D162-C8CB-A8E4A230AA32,Lester,Aguirre,Davidson,1948-07-23T16:04:57-07:00,8235644160
BC592318-FBE6-3BDF-C02C-AFE772C5E87F,Nicole,Jackson,Hatfield,2008-08-09T11:59:14-07:00,5986098166
1F91EBEA-2841-792C-D158-76F7146D9E09,Leigh,Nelson,Marshall,2005-12-27T06:21:48-08:00,4787120955
7D02D5A8-C233-ED2D-5C85-3667348B425A,Alyssa,Gallagher,Key,1938-06-18T12:33:04-08:00,2516406190
CD38DB1E-C45F-4DA0-3405-E388ACCCC29A,Wyatt,Lynn,Noble,1966-07-06T13:25:54-07:00,5767616141
7A1C0E07-582D-56FB-75F5-814BCEC90F36,Vivien,Pena,Woodard,1927-12-18T05:49:04-08:00,6317327241
9D84DAE2-8C08-14D1-C9C2-37916B81EABF,Tatiana,Berry,Jackson,1946-07-07T04:02:38-08:00,3450700628
9FD69953-554D-F7F5-E306-44C6942D090F,Xandra,Mccullough,Dawson,1988-10-05T03:22:40-07:00,8761100826
02709D71-49E5-9F26-EAC0-B40E97551B17,Ariel,Valentine,Henson,1993-12-26T06:35:36-08:00,8021573213
69A30B24-A36C-50A9-5EEF-96489062778B,Julian,Horn,English,1974-04-16T13:10:02-07:00,9475586579
0D4CB94D-A2AD-5D58-A128-17DD4873095E,Rina,Garcia,Villarreal,1932-05-26T01:19:05-08:00,7942617572
4EE58E9B-5249-A8CC-595B-AE4DE77D6129,Jemima,Guzman,Finch,1989-10-07T20:31:07-07:00,4353761904
7B9C916E-FF1F-6696-C2D2-EA293B2048A4,Keely,Mcdaniel,Ortega,1944-01-04T10:32:13-07:00,7086341116
BED86A30-6E8C-7FC6-C019-CD906F5ECC66,Adam,Waters,Miranda,1972-01-31T18:12:02-08:00,2828494115
3AB8F111-3A65-3F6E-E066-F98C6FA842D8,James,Fuller,Stark,2000-06-08T04:49:23-07:00,1500294282
0FA8EE46-65CC-7F1C-51A6-60033396E282,Brian,Kennedy,Norris,1961-03-07T16:58:54-08:00,8193312941
6596DEF9-234E-CBEA-65CE-C061E3235EAD,Aline,Ballard,Cobb,1934-11-06T01:39:14-08:00,5031585697
440CF0EB-4006-9429-E92E-25BFBD1D43C8,Bryar,Roberts,Rocha,1982-12-28T10:09:22-08:00,6271356360
9BD4512E-F51B-6378-93DE-8ADCD6D82F85,Maisie,Brock,Guy,1936-06-12T17:45:55-08:00,2184565601
6DB0D46B-E39E-E30A-6E3F-D46A7B795D33,Brian,Blake,Chen,1995-03-21T07:12:51-08:00,6518921475
62897A3F-BBF3-0710-C1BD-C6316F7DF051,Cyrus,Rice,Russo,1906-10-24T10:55:29-08:00,5997123954
69FFB8BE-35FC-32F3-B312-28711E3CDA9C,Lysandra,Burns,Melendez,1962-07-06T14:32:10-07:00,6120133068
0E829C3F-213F-1CEB-4718-D065021C7327,Zeus,Zimmerman,Kane,2000-01-16T09:00:07-08:00,5085100208
173BE96C-481E-9A34-AC3F-C435870DA6A8,Tyler,Dotson,Lawson,1955-11-23T01:28:42-08:00,4668130108
764147CB-0B6F-6C37-1965-C092C90E0A57,Carl,Morales,Rios,1965-06-20T21:00:48-07:00,6249564004
6C32637F-8C37-8EBC-46F0-D26BADA27232,Hanae,Bender,Carrillo,1981-07-21T03:50:21-07:00,2399077080
6956F09A-D1EE-F106-E36D-3D42EF778E03,Deirdre,Bryan,Sloan,1913-04-04T22:58:27-08:00,8503635960
8787E76D-4369-C60C-73B6-89D1E8FB746D,Indigo,Buchanan,Olsen,1963-06-27T21:14:09-07:00,8593287600
AE2E05AF-EE19-821A-5134-FE8AC2493748,Baker,Figueroa,Marshall,2007-07-19T22:25:46-07:00,9362464216
720FFB24-3FD8-DBCF-B64E-F9849FEACD2E,Bethany,Cameron,Sykes,2001-08-29T17:17:04-07:00,7543066773
FEF34006-B428-8653-D7CE-9144C42FBD29,Adrian,Knowles,Stone,1999-06-09T02:02:12-07:00,7999994572
E135EA51-1EFE-694C-D4DA-B84B0F4CAA2E,Scarlet,Dawson,Bush,1904-09-23T01:40:39-08:00,5029613503
F6D369AB-0FB9-4B19-5452-BD195172C8C5,Steven,Romero,Boone,1912-10-01T21:31:10-08:00,4732180386
5F3273A6-ED0F-72E1-B36A-65610CAD252C,Iona,Garner,Joyner,1995-12-24T13:59:50-08:00,8411784892
BA713BFD-F405-BFB4-A10C-A13A976D4A7A,Hiroko,Bolton,Guerrero,1908-04-08T04:18:40-08:00,2690618849
0FCC9CEF-96E3-29CB-CDA9-859913AC128D,Regan,Howe,Patel,1981-07-14T20:37:52-07:00,8225950130
5C56B1BC-3364-ACD4-DD55-6D75CDD6442F,Mona,Cash,Rivas,1967-11-10T08:45:01-08:00,6973978711
42F6E917-34A4-B96D-FB70-A68EEE823B21,Zorita,Pratt,Atkinson,1912-03-17T12:59:11-08:00,1960017134
5859A4BF-891A-52BF-7489-618F0DD7A96B,Joseph,Wall,Blackwell,1974-02-15T16:09:40-07:00,7813415494
38A45021-ED1B-6C91-3D8D-C13F685D84E3,Karyn,Riggs,Combs,1945-03-16T02:39:01-07:00,8757641170
AE6EB2E1-4DA1-1F31-B5C0-C71A94EFC3A7,MacKensie,Barrera,Myers,1997-10-07T09:34:45-07:00,5558818123
954AA07A-725D-11CD-B5EB-3EA4AB75BB52,Hiroko,Mclaughlin,Weber,2008-03-30T19:21:55-07:00,4579520366
B6B66196-90DF-FB24-3898-51FA25B6BD18,Dolan,Mcdaniel,Norton,2008-11-17T13:27:03-08:00,5034410895
94CB447C-5E77-F982-19A2-B60E35B0D98F,Caesar,Santiago,Moran,1909-03-29T19:03:25-08:00,2982881830
218F4D06-0A1A-2853-4406-08AA27C193D8,Ursula,Harrington,Vance,2001-12-05T02:28:09-08:00,4333861896
9C11ECB5-6A9C-C30F-FB4F-53E11B026187,Quynn,Brown,Marks,1959-12-31T07:30:13-08:00,8497787469
C72F804B-D47B-D310-7F02-0AAA25E427CA,Anastasia,York,Serrano,2003-09-18T12:30:50-07:00,1442845794
4DC0B092-1E62-8D52-077E-8980DC039678,Martin,Alford,Gordon,1995-05-05T18:27:18-07:00,9512974942
46EEDA41-62C1-E55B-374B-D58A001CDA74,Avye,Simon,Garrett,1951-06-23T05:28:55-07:00,5687524353
0AC4C808-D34A-CBC0-DC70-7661F1F5719E,Fallon,Mathews,Powers,1920-08-04T14:13:22-08:00,3249711249
CCDEDC4D-A6D9-AF11-298D-6A37706D1126,Clark,Fuentes,Ayers,1927-02-01T23:15:04-08:00,6784392044
5B109DDF-B5AD-499A-3E63-A5ABF27FB7C1,Malachi,Hammond,Odonnell,1920-06-25T12:27:31-08:00,1935226031
3BD8F237-48EF-8387-35F4-6C28D153EC87,Kermit,Case,Mckinney,1942-02-02T23:01:30-08:00,4782388628
97CB6141-9A92-CF7A-1B18-FCE9CE1EE04C,Octavius,Sharp,Wright,1962-04-23T01:20:14-08:00,4794246579
7E19CA4B-6345-5137-A9C8-43A2FF3038A0,Deborah,Ruiz,Tate,1956-07-04T10:03:51-07:00,3251986478
A5918E4B-8AF4-684B-CB63-6D78CF33377B,Brianna,Maynard,Wall,1965-07-05T15:16:56-07:00,7223819672
446E9F08-962D-7AC1-95F0-DF1EB73A77F9,Shelby,Stein,Reynolds,1943-08-09T04:47:21-07:00,7158373093
E8AE3EA8-7251-DB7D-107C-D2199C5E7344,Sierra,Calderon,Bauer,1968-01-27T16:00:57-08:00,6036638286
F826904B-0F9B-AE1D-C6BE-82461CCE4533,Cooper,Dalton,Skinner,1938-04-03T12:51:21-08:00,6375974499
AA695F53-58FF-A287-62E6-969B1E7820BF,Yael,Schultz,Robinson,1905-11-28T18:33:34-08:00,5227033342
C45FA58B-CA6C-DA37-408C-3024AC6A5AC2,Iona,Watson,Clements,1900-03-06T15:00:35-08:00,7060397664
A855E084-BDE9-1D11-5499-0B270C1AB12B,Erin,Brock,Rodgers,1950-02-07T03:38:36-08:00,7665551056
0D55D47C-80ED-7A54-6326-3A5A3B122C93,Matthew,Blanchard,Brooks,1921-01-25T08:24:05-08:00,6475419944
83F8B1DE-1E11-80E1-EDCA-6D90441F8106,Trevor,Stuart,Evans,1931-12-20T13:16:16-08:00,1798817912
82368390-99AE-0A5D-3390-CC4F3DF5BB60,Cheyenne,Horton,Riley,1976-06-16T19:56:56-07:00,4782911671
5CDB3DA7-D6D7-67FD-1615-859FD5794DBC,Robin,Crane,Ford,2006-01-08T17:11:10-08:00,4414982750
7EE309E2-A75A-1E04-B643-EC2F8896D7BD,Cody,Hunter,Weeks,1935-03-03T02:25:40-08:00,6311061287
07B029D0-9B1E-8230-A6EC-0A9449EF6F4A,Xaviera,Rogers,Jimenez,2008-11-27T21:22:59-08:00,4850956586
1D2273DD-3F40-FD25-7912-659E3337E571,Ciara,Olson,Morton,1969-12-04T14:53:55-08:00,9664607296
4FEF86D9-CFCA-9933-6F51-3CF9C3DA69BC,Eden,Parsons,Good,1976-01-12T09:27:07-08:00,9367255353
F65D4351-B142-5B56-9692-EC6030FCDEC6,Freya,Johnson,Callahan,1923-02-11T03:19:25-08:00,8336639424
1B11D91A-9AF8-984F-BFE9-71A52028AEDD,Minerva,Brady,Lott,1934-11-22T01:11:44-08:00,5340078609
AD774A74-72EE-8434-396B-E90A00BBEE19,Mufutau,Lane,Marquez,1950-03-03T14:42:24-08:00,7767976125
38BC4D9A-5111-C077-4BA7-F360BFA4F723,Pamela,Berry,Cortez,1917-05-31T16:25:53-08:00,8120478515
9699C43A-8274-313E-7359-BF126201B655,Haviva,Whitney,Reed,1901-08-31T11:59:37-08:00,1827583254
DE53B9D1-A9A3-DB35-8039-309ACC58C28A,Heidi,Carson,Miles,1991-08-20T19:04:14-07:00,7269638528
D59EC465-2CFE-4141-0E92-F579A85E5C30,Elizabeth,Duffy,Hale,1914-11-26T11:13:20-08:00,1142440425
2A40FAB3-3DB5-8078-30E5-429A62DEB612,Reece,Abbott,Logan,1907-11-14T13:20:24-08:00,2211534302
73A63DF3-4F3E-8BD3-E133-3CE71F073A85,Luke,Carlson,Brooks,1968-12-08T12:05:41-08:00,9453695615
61EB8FB8-AE79-6A4F-18E6-8C60325BCE4D,Donovan,Randall,Webb,1987-10-04T21:29:46-07:00,1371006961
9E5B38CB-ACB2-178E-1938-3593742ABA72,Forrest,Juarez,Cruz,1946-03-23T11:42:31-08:00,9819128695
3D2BE717-8A3F-F60A-462E-427183F8AC9A,Kirestin,Stuart,Sosa,1956-01-13T11:45:51-08:00,5935799429
253CBFAD-18EF-B88C-BEBC-6D799C4185C1,Shelley,Phelps,Anderson,1923-11-19T06:52:19-08:00,9327295542
4448EA73-EFAB-069C-5A2A-A38AE788BB98,Samantha,Albert,Becker,1976-10-11T10:12:48-07:00,5879010218
5CA7A65F-9C35-6338-C8D9-A5CCD08BD032,Tallulah,Brooks,Hood,1991-05-20T21:37:17-07:00,9058912624
FC444D40-11D7-6C10-7A89-A6B73B021B8C,Rigel,Gilliam,Gibbs,1924-10-27T01:18:34-08:00,6686800780
3A31939D-8A84-64CC-9FF2-0E4F98A8FC41,Bianca,Dominguez,Duffy,1961-05-24T01:20:13-07:00,4819933242
02A01B29-7B48-33E7-DB37-661AE610E7D0,Alec,Conner,Mcclain,1944-12-23T16:14:14-07:00,6111532784
EAAB03C0-08FC-84D6-9B97-02186966F4FE,Virginia,Walls,Browning,1922-08-22T10:18:33-08:00,5398861968
993BC6D0-8406-0976-9CE9-27B7B5191914,Rahim,Waters,Odonnell,2003-07-09T09:41:27-07:00,6406217676
CD6700AA-6802-58AA-874F-675E48D0CA10,Eric,Burns,Chambers,1989-04-04T05:44:55-07:00,7913055581
446CE13F-E363-60B5-81A7-6EE39E2B3862,Reagan,Ward,Strong,1978-08-27T21:07:21-07:00,8236641262
4930B7E8-54BD-CE72-75F9-B2D3060E184C,Jolene,Ford,Stuart,1984-04-11T23:02:24-08:00,3058826521
82324117-5464-E8B3-ABBA-77200D9AB2CE,Raja,Lloyd,Snider,1936-11-16T13:41:59-08:00,8767680393
BF1CAC7C-07BD-46C2-DE07-5EE46D13A344,Latifah,Hensley,Espinoza,1911-06-20T01:29:49-08:00,4782468204
70767B7C-62C4-503F-CAA7-F3228CA41642,April,Patel,Melton,2002-09-27T20:11:13-07:00,3651588405
3373CF3A-1E72-A463-2B00-677DCC95A3E7,Harrison,Delaney,Coleman,1950-10-09T20:09:42-08:00,7376166304
68D3D450-FF39-4763-5FF0-CD84538A03CE,Zorita,Wiggins,Malone,2003-11-18T05:17:20-08:00,3453501003
706383BF-3459-24CC-8D0D-387122076171,Aileen,Welch,Cervantes,1919-01-21T13:12:43-08:00,6779067872
B703A0F2-B5B3-FA03-5EE2-285DCCA82052,Garrison,Morin,King,1995-01-17T22:36:14-08:00,2923500293
FD3E2BA4-A55A-A78D-3062-3EE76746C948,Bianca,Cruz,Stuart,1976-09-07T21:02:02-07:00,5247742736
0F81AF9B-8835-3C7D-3082-4A44F17F36AE,Dolan,Chaney,Kirby,1984-05-03T18:18:25-07:00,5287625955
863DFB86-C735-85EC-10A4-341D895F9922,Flynn,Finch,Hardy,1941-04-26T23:26:17-08:00,4671406580
E5CA4D1C-FE36-45D6-03D2-487B9E8450A0,Karleigh,Wiley,Mullins,1906-06-16T17:28:41-08:00,1940132052
583B4565-B167-4D34-4D63-4F8B8CEF6029,Gwendolyn,Wilkerson,Mclean,1948-04-13T21:47:50-07:00,5055942328
750D9E28-E41F-D89B-FD34-D4227DBFEDFC,Ivory,Mcneil,Hunter,1958-08-25T22:53:06-07:00,9148413770
6D442A0B-4B0C-C2BA-158D-71BD70508160,Kay,Cunningham,Snow,1985-09-17T16:54:01-07:00,5245661052
EA549834-C6A8-7744-ED28-BBF1DC2352B2,Xerxes,Bender,Byers,1922-10-03T15:21:09-08:00,9084843525
750667F7-8FC5-49E5-8D68-382B3A21C206,Claire,Stone,Mayo,1939-12-18T14:36:36-08:00,1360081757
FEA26EE0-343A-1610-5BE4-925B2EDEE341,Darrel,Harrell,Lindsey,1953-11-03T11:07:04-08:00,2540320042
B2E2A98D-9EEE-AB8B-65EB-8F3AAAB35E63,Sara,Kirby,Caldwell,2002-03-27T16:27:22-08:00,6988867968
A156484B-16D5-1AC7-25F3-7A76677D08EF,Malachi,Larsen,Hayden,1999-06-03T11:06:00-07:00,7371842658
C4F6B884-A014-E653-336D-3EE358AF93AD,Eve,Solis,Mcclain,1920-04-03T17:52:16-08:00,3068475926
8DAD2923-9FC3-0322-B939-7AF99A678ECC,Lacey,Bean,Romero,1932-12-07T10:20:47-08:00,5023188305
ED6177EF-A175-D97B-59E8-635E38B01330,Dale,Sims,Pratt,1964-11-07T09:32:07-08:00,6336287338
04D2A14A-B929-5712-B3C4-A4E04A152E30,Naida,Ware,Pugh,1994-04-27T02:15:07-07:00,6007279708
F9FDA579-099D-F495-2027-967B34B646FB,Nadine,Vasquez,Stanley,2004-03-16T07:03:31-08:00,3613082025
ABF43AC0-12A0-72B3-C008-D81B11597316,Jade,Fleming,Horne,1985-04-11T02:32:01-08:00,2529722290
9431F49B-72AA-C282-B576-77736D071C7F,Tatiana,Rios,Gardner,2008-11-27T01:09:32-08:00,2103651894
6F5F95E3-634F-9A31-FEBC-36000BC83333,Martina,Hyde,Rivera,1953-09-02T22:58:20-07:00,9103090026
B36F618A-9C68-51FE-FFF0-73B0A641BEC7,Autumn,Vincent,Evans,1952-06-20T12:04:21-07:00,1632655680
3AFACAB0-5C41-1818-5DA7-28583397B713,Benjamin,Freeman,Donovan,1969-05-22T19:19:18-07:00,1932545776
5356FFA2-AF4D-FAEF-20EC-9B744C91F3EB,Beck,Simmons,Tate,1924-05-12T17:19:06-08:00,8158926024
8BA2CAC0-834D-0897-D960-D4816A86B87A,Gabriel,Monroe,Noel,1949-07-14T08:53:20-08:00,5164637954
235771B7-AD84-7A42-1032-33D52C924A35,Brian,Warren,Marks,1967-02-16T03:29:40-08:00,6333618139
4708C0FF-CCF5-A6DA-27A7-E0570E973047,Hermione,Joyner,Nelson,1928-02-05T22:00:33-08:00,6802564077
588EE822-D904-4B65-03DC-AC1309FBBFD5,Reece,Merritt,Benjamin,1939-09-10T13:22:37-08:00,9351862230
EBBD390B-CF75-1919-5AB6-0EBBF964ECDA,Jarrod,Dotson,Gordon,2006-04-02T19:05:36-07:00,7271026675
472B156B-53C6-4C58-E377-B89714087222,Rachel,Soto,Park,1992-01-17T02:00:40-08:00,6028768875
A3E634E7-8736-3232-190D-381AD74AE0A2,Phyllis,Contreras,Hamilton,2010-03-20T09:18:18-07:00,6297200185
801D40DA-D636-187E-1CAA-050E3E2F2A6C,Autumn,Osborn,Paul,1992-06-14T04:09:42-07:00,5682187270
8DF40759-D183-4C27-5925-4A753F4CCB72,Lillian,Hull,James,1941-04-09T15:23:23-08:00,7043312175
0EB130E4-38F7-A37F-7212-DB54B730A3BE,Conan,Mullins,Townsend,1935-06-10T02:51:40-08:00,2228612551
7C42DFB7-4F9E-E322-11C1-DB025E4ECF10,Chester,Lawrence,Baldwin,2005-08-17T01:12:47-07:00,1779502518
7B9A0ED5-F11C-5C69-0D28-25562DD3E09D,James,Myers,Palmer,2010-04-18T10:04:16-07:00,3680440572
B6C213B5-D6D2-6AB2-50C0-0FC6634E89FE,Alfonso,Williamson,Garrison,1905-08-04T09:59:57-08:00,9605778575
64A81DDF-84D8-25DE-6E93-72E13ED0BAF7,Vance,Wilder,Benson,1969-09-11T01:28:06-07:00,6100019390
3368802A-0B3D-CD24-E17A-91681B1FA660,Leigh,Richardson,Mendoza,1913-08-09T00:38:48-08:00,4293147408
E33E8323-200C-EE23-0CBA-0383D03C25A3,Regina,Hopper,Britt,1904-04-10T06:25:43-08:00,5558062497
8BED6099-A6C9-510C-F851-00E11CFC25D1,Duncan,Hayden,Stephens,1968-03-21T16:00:28-08:00,9051623572
17CAA52B-2880-16AC-6164-65DB68EDAED8,Lewis,Lindsay,Ballard,1905-08-25T06:37:00-08:00,1766382041
ED5C9C17-312B-D5BE-B2DE-9B4EBA430454,Clark,Pierce,Hansen,1955-09-19T06:59:29-07:00,2984403247
F188005E-EBDB-F1E2-F436-A150BFA92B29,Sharon,Hurley,Klein,1999-11-21T02:27:49-08:00,6389317297
3A841989-780D-579D-6FA5-9D31DBA66D29,Brennan,Henson,Kennedy,1991-04-02T02:21:58-08:00,2805650441
49EE98C9-3D38-25F6-A099-F9B647844C6D,Nolan,Drake,Hendricks,1940-04-21T12:47:35-08:00,3481481505
A17D3BF5-9EE7-AF30-8493-559AB8EE968B,Harding,Caldwell,Hebert,1924-10-29T18:16:55-08:00,1347824322
F6D86733-2B79-4182-25A7-7768EFBAEF50,Serena,Heath,Mosley,1981-07-31T20:37:01-07:00,8749209658
65605F22-A99D-9DB6-7ED2-6CFD65A3C7AB,Branden,Holden,James,1996-09-30T15:21:47-07:00,3771572419
79534D84-E4AD-B748-7BC1-6BCD38637B8C,Tate,Weber,Stephens,1963-11-23T12:54:24-08:00,7980747065
B52CA2E7-B725-A746-AB22-38913CFF2376,Thaddeus,Dalton,Soto,1982-04-22T15:06:08-08:00,3749664607
2E3CED6B-560A-F9DA-D511-672B744E1843,Jonah,Yang,Buckley,1985-01-29T18:33:01-08:00,6705855867
E1D01B2F-C3B7-1A4F-7219-B84E08933FF0,Kylynn,Henderson,Franks,1966-07-30T12:12:22-07:00,4668692242
3482C104-FB74-0665-AC96-E476C418A2D9,Oscar,Torres,Mays,2006-03-01T10:04:44-08:00,4493210261
A7971A2B-CFB5-F3CD-2750-7E1A94679C60,Portia,Velasquez,Pierce,1934-12-02T07:40:13-08:00,4580219834
D22EB7D4-6D2E-A99D-E4AA-6EF25558434F,Wanda,Miranda,Weeks,1941-02-15T10:03:46-08:00,8982006075
2F1D24FA-A09A-0117-AB1E-5F73DDB54056,Francesca,Glover,Floyd,1958-06-21T19:03:09-07:00,6935722683
BEA6E3B8-12A1-D4D3-AA26-CB64649F7A17,Dillon,Fields,Mckenzie,1939-07-18T01:06:53-08:00,9987001750
AE7AF423-F7BA-0872-9085-8295E79D8B50,Brianna,Pierce,Shepard,2000-02-23T04:53:30-08:00,2108319463
87232D75-A697-435B-FDB5-33A6D03475A4,Blake,Carver,Carlson,1901-05-07T08:37:00-08:00,6102531974
0EB95118-511B-C008-4734-E938EA8B3F69,Clementine,Bell,Parrish,1989-11-30T11:42:52-08:00,9680474487
293F66E0-F7E7-8E1F-62F6-46605137A094,Arthur,Mccarthy,Santos,1923-03-08T03:39:29-08:00,8663913276
0C782C2D-6E63-260B-D9C4-CFCD3B190CF2,Clare,Kirkland,Cooley,1937-05-27T11:46:25-08:00,2203036641
28F81988-C523-1C39-ECA7-42BD9DBFB5E1,Justin,Watts,Thompson,1991-05-11T04:22:03-07:00,2980408900
E87A1DF6-A965-AAEF-A2BA-68108CB28509,Ramona,Holder,Clayton,1918-09-10T03:01:40-07:00,6696370484
197DE085-82FD-1FC6-C308-534B080F6881,Ryder,Chan,Wilkins,1932-02-25T03:33:52-08:00,9658094011
6068EBE3-CAA5-E681-223C-01B3209BC327,Kato,Whitaker,Mullins,1907-06-12T19:16:25-08:00,3732430313
53372948-914D-C3FA-71C0-4628029B77BB,Genevieve,Baxter,Delacruz,1909-10-01T06:07:32-08:00,4165875385
D7E0E8B5-B391-89E1-1B1B-70413A3965CC,Emery,Sexton,Hogan,1983-08-15T00:30:43-07:00,4490972355
D7C3F641-7CBC-E971-F168-37D767685E5D,Phillip,Caldwell,Wilcox,1919-04-03T10:39:34-07:00,1578875577
51987BA3-5715-C02A-5B33-B7DC5F58B984,Celeste,Rivers,Fox,1944-02-20T03:27:04-07:00,8720332379
7313F4A5-EF32-66FE-9901-275C5CD24EA8,Brenden,Fernandez,Fox,1991-10-21T06:46:47-07:00,7929524920
772B1224-02C0-A30D-3BB5-A287219B8AEC,Isabella,Santiago,Lucas,1957-05-28T19:09:39-07:00,1629871589
AAFA8FE6-75E4-484F-E989-6D258FE840D3,Calista,Watson,Sargent,2004-11-07T03:18:49-08:00,3578143430
F11E3871-A18F-1DC8-84D2-24AE6245D720,Driscoll,Kim,Espinoza,2010-08-22T15:50:22-07:00,8990578171
59604E41-E6A7-E8A8-A035-1DB243A3ED91,Joshua,Keller,Munoz,1919-02-19T06:59:01-08:00,6726273430
908B4DD2-9AA7-62B2-F880-01E684AA54B5,Mechelle,Rodriguez,Beach,1946-03-24T04:52:02-08:00,7374506584
168472C3-C12A-285D-9AEA-B54B39672BE2,Martha,Palmer,Gould,1977-01-01T06:22:43-08:00,9770108606
26287B58-EE92-7AFB-0FE6-FBDAD79A19C4,Declan,Jenkins,Dorsey,1912-01-12T09:51:09-08:00,2340079434
2F938083-EC88-21E2-88E8-BCAC7A202040,Berk,Dunn,Mcmahon,1991-06-01T00:37:09-07:00,5423632934
4A9DE835-23C2-5C43-36D6-BCFACDF74492,Jaime,Marquez,Moore,1928-10-05T11:17:54-08:00,5106692972
55583E69-1537-3993-90B3-1F53544880A8,Chester,Sampson,Hudson,1901-07-10T20:44:16-08:00,6737658642
320BC133-5335-39DD-380E-42E5AF9A4E33,Jonas,Ferguson,Mclaughlin,1966-02-07T02:02:06-08:00,8524031978
5578C348-9C55-C195-2BE2-742E478F9F85,Lee,Mckenzie,Guerra,1960-04-16T09:33:51-08:00,9206581703
A65D1D68-BFA7-5C66-CC78-D4350B7893BF,Sara,Ballard,Branch,1932-06-19T13:04:09-08:00,1639063556
22992D4D-BDB9-0ACF-94C1-BD21725BF4B7,Dolan,Noble,Shannon,1937-01-20T02:21:56-08:00,8723346909
322E58A9-F5E7-FA8C-7E4E-4A69E0349408,Clare,Myers,Avila,1980-10-11T03:17:34-07:00,1231796534
C774E030-EDE9-63CF-029A-C9803657FED4,Chancellor,Solis,Best,1961-05-19T18:46:43-07:00,3195565342
274F8CB4-0059-0B5A-0691-28F47C73AF31,Quinlan,Glover,Lamb,1932-11-03T16:58:44-08:00,3379965184
5BF96573-0A55-55DF-A58B-3CA48DCCD6DE,Ginger,Franco,Landry,1930-04-03T11:34:11-08:00,1950787322
3014D8A4-ED4C-2F77-FE06-13A30D08D045,Cole,Jackson,Francis,2001-08-19T15:02:36-07:00,8239691232
6FC459F4-89B3-70F2-DB8F-51364E955684,Ivory,Patterson,Hess,1905-11-03T07:02:54-08:00,8874882873
8AC56DE9-2508-D5E6-7EEB-235061C6F054,Harper,Landry,Spears,1910-12-11T02:22:31-08:00,5812927289
9A9D602C-B18F-50F5-09E2-95B92A2E3254,Adrian,Lynch,Ballard,1961-08-19T19:59:02-07:00,3065989460
6B0A30ED-19DD-B2BE-8391-DBB335FBFB96,Paki,Conway,Sawyer,1906-04-22T20:12:46-08:00,7095755599
55232CD4-227C-64DD-E40F-C4444F5998BF,Ocean,Medina,Santiago,1944-07-31T05:54:28-07:00,8836605780
0E2D1CAD-7E8F-279F-292A-912886C9FD98,Maggy,Hopper,Decker,1910-04-07T02:58:34-08:00,4522098944
CF940AEA-C4D9-BF63-E3E8-EEF861E6F405,Callie,Castillo,Barry,1963-02-14T11:49:05-08:00,6004469113
14892A37-76E9-27DE-7ED3-C760F54DD5CE,Maile,Coffey,Vega,1966-09-23T09:36:49-07:00,5429404332
427B2AD8-7DF0-E15D-CFE6-5FD3C19FA2CC,Chase,Hanson,Justice,1975-02-06T17:00:38-08:00,8745671986
EFA11762-4A89-A0B0-BB7E-10C497B4DE2B,Nomlanga,Stone,Horne,1942-07-02T23:17:07-07:00,7008692332
A0C846E5-1B2F-E99D-4E5D-EADA6330240F,Ebony,Greer,Roberson,1980-03-01T12:04:33-08:00,2295397851
212C6744-203F-267A-4958-8E22D0AFE212,Gail,Davis,Hines,1970-03-18T15:12:30-08:00,9730569207
7497FC0F-22E8-D355-BF59-E43B391D09E8,Jessica,Hopkins,Wilkerson,1976-02-24T22:06:20-08:00,9223887258
11486BBF-B7C0-C8BC-267F-7A8C871BBA5F,Raja,Middleton,Wilson,2010-05-04T12:49:43-07:00,5530108118
94AD6E97-5841-E273-8EFA-3BD248310DFA,Thor,Beach,Clark,1922-02-16T23:08:14-08:00,1829660087
3ABB9735-4540-569C-3EE5-CD96BC011AA8,Fay,Lawson,Whitney,1905-07-31T00:16:32-08:00,4457442483
9D95F504-FFE0-8D81-5C40-483D6DF08692,Lesley,Joyner,Hamilton,1998-05-02T02:17:08-07:00,2781655966
36E9B6FB-533F-CA4A-B1AF-00A4FC3DD14C,Raphael,Poole,Hammond,1997-08-06T20:28:32-07:00,1656745477
9FE5F956-6275-7831-FAB3-D12C5A44EA44,Gabriel,Giles,Nichols,2008-08-15T06:10:05-07:00,4655840442
93E38808-292A-FEE2-B1F8-68484C481DF2,Olivia,Jefferson,Neal,1974-09-19T15:56:12-07:00,5664697343
A747E564-B381-CC30-FBBD-64AA13508091,Abraham,Sweet,Harper,1944-03-18T18:26:58-07:00,2143365864
414AF1D9-AC1B-C915-8655-42DD37947916,Isadora,Ward,Wells,1917-06-18T01:42:32-08:00,4918242266
11C0FC8A-04BD-A9A9-9B5B-CB0ADAFDB6F3,Riley,Cherry,Wilcox,2007-05-01T10:59:09-07:00,1803107592
C888EEA7-1705-6490-F378-14429572D274,Maya,Garza,Martinez,2004-06-05T00:47:30-07:00,1349086347
0F3F898F-BAAA-2030-42E8-45EE43B4EC43,Cadman,Conway,Sandoval,1977-04-02T04:43:37-08:00,8939082183
FA3EE428-F664-F902-10C5-A6DC6A500447,Echo,Atkins,Sloan,1981-06-21T05:16:27-07:00,2494085998
97F3CF34-EF81-3341-72FB-D2F6A05EEC1C,Eric,Lester,Perry,1945-08-25T20:55:14-07:00,3188648852
A32088B8-1F80-CCB3-81AF-9E40F075511B,Herrod,Weeks,Mclean,1908-02-22T08:36:48-08:00,9206485106
33432D7F-7F06-D556-1E0F-36E340A31578,Whoopi,Roy,Johnson,1915-11-04T01:51:10-08:00,8102261883
3F9304AF-613C-3105-278C-45D3CC79DFF0,Desirae,Figueroa,Hood,1952-12-11T19:57:52-08:00,3082232856
72917F65-9F28-A08E-8756-5BA1D2C278A2,Brendan,Downs,Rojas,1958-07-17T07:18:33-07:00,3173312114
75B7F668-9F0A-9FED-10AD-50B64330121A,Wilma,Munoz,Roberson,1994-01-16T13:24:37-08:00,5038154493
BB0B6ECF-3A88-177E-F330-3DE5689ADA11,Althea,Kirby,May,1920-04-12T00:38:28-08:00,2553004402
A0D67A98-E854-88DC-E5AE-E87D1562C5ED,Emerald,Vincent,Mccarthy,1955-12-22T12:12:00-08:00,5579588558
B2B486F8-1B22-03CA-D57E-3EA8F03FEBE5,Basil,Cameron,Jefferson,1951-10-29T16:41:56-08:00,4469153723
6FFBD052-22EF-B356-11BF-87A3B5349CB8,Vera,Valentine,Kramer,1914-01-24T16:58:41-08:00,9412344487
CEAA2FF7-6F74-1255-5153-940D717F6349,Mira,Pace,Carlson,1998-06-06T02:34:18-07:00,7892364296
3B55841C-C792-148A-14E8-A4A82A3EA091,Jaden,Trevino,Obrien,1992-06-08T12:20:20-07:00,9861828664
E9EA32A9-A428-7686-CFAB-F02AE63ECC7D,Camille,Walker,Patton,1900-11-22T16:00:24-08:00,4251013977
7566B1AB-23D9-C411-031F-F8D2DC0A225F,Sheila,Patterson,Holden,1942-06-28T17:14:23-07:00,4470103519
798166F4-0A54-9B6F-7F45-3D8069A2D3D5,Karina,Vazquez,Baird,1998-07-21T14:55:35-07:00,2999813933
A618CEE1-74D2-7C01-7206-6D6D749EB02F,Audra,Hancock,Hahn,1958-11-27T08:09:06-08:00,6171021838
B3D31B7D-D63E-65FC-108E-B5E32DC9012E,Trevor,English,Zimmerman,1905-10-21T06:51:10-08:00,7726193368
612DFFC5-F362-5BF6-6DDE-4C224FECF87D,Faith,Monroe,Rios,1942-01-22T02:57:42-08:00,7322357172
81BF93D3-54B9-B404-33DA-3DCBF0D4A5E1,Patrick,Joyce,Peck,1965-06-06T17:47:46-07:00,2178876673
73D3B453-7415-8CEB-1C0B-D6E04C29AC76,Hedley,Strong,Santana,1915-01-19T16:59:42-08:00,5023991958
CECDEC50-045F-4C5A-F9ED-99593674F3DA,Amber,Sullivan,Powell,1960-02-08T01:04:59-08:00,4996005184
2830EB56-EDF3-CE4C-705B-886D13F839FE,Anjolie,Travis,Moore,1998-08-05T21:35:58-07:00,8919892994
B3855FAB-0E3A-DB7F-3D06-2E7669A08BE6,Celeste,Walls,Stafford,1915-03-31T11:01:34-08:00,3907508850
40A887DF-B0FD-FA04-A274-D86A891640F1,Fitzgerald,Mason,Stout,1989-05-17T07:03:50-07:00,8666849426
225EA3FC-57ED-68BF-FC8D-30B58EC94E5C,Buckminster,Simpson,Hensley,2002-07-05T01:46:20-07:00,2747261035
4B0A24E0-8F1D-85A3-187F-9B50682029BC,Francis,Duffy,Mayo,1962-01-18T06:21:23-08:00,2624659202
9B9BCF8E-E19E-1AD2-EA4A-0AC4A2B1FFD6,Nita,Green,Henry,1923-02-23T16:50:19-08:00,7450684184
213E4671-670F-F434-09B9-7847BFE764F3,Amos,Stephenson,Mann,1941-11-06T08:27:40-08:00,8365793232
0A30EDE8-E442-C2E4-C8CA-476252635465,Venus,Peters,Dennis,1906-02-13T07:47:50-08:00,7727492103
D13A0CAB-42F8-1694-C2A0-40924D85431A,Rosalyn,Shepard,Campos,1957-05-31T02:58:33-07:00,9933228844
CDE1A6F8-C82C-1954-917A-32FFC53F2F4B,Ariana,Robinson,Hernandez,1908-04-05T07:47:43-08:00,6296957296
4207E66B-89D3-206F-8C57-7689CE4BF9A1,Dorian,Duran,Horn,1995-03-08T15:26:56-08:00,6864258419
66865BA6-CE16-D430-4FF3-4AF7224B510C,Elaine,Robinson,Mcpherson,1992-09-10T12:49:30-07:00,2875438431
5D44C961-1693-AD67-2C75-90EA4271361C,Kalia,Bishop,Acevedo,1976-01-07T08:36:06-08:00,1832482090
BBE6D78B-4CF1-F331-8B03-0B382F3E44E6,Autumn,Ratliff,Sykes,1949-11-24T09:01:33-08:00,9138947708
29FFE3EA-8F4F-00D4-D2C8-C806615133B0,Demetrius,Good,Sellers,1940-02-25T22:06:22-08:00,6116065064